feed_intake_kg,feed_quality_score,parity,days_in_milk,ambient_temp_C,humidity_pct,body_condition_score,somatic_cell_count,milk_yield_L
17.49,0.43,4,70,37.1,76.2,3.6,68613,22.49
29.01,0.68,3,169,30.1,88.5,2.2,676433,22.86
24.64,0.91,4,272,36.9,62.9,3.1,324025,18.07
21.97,0.81,2,68,19.5,33.6,2.7,681212,20.21
13.12,0.86,2,252,14.2,40.2,3.4,465965,12.66
13.12,0.76,1,48,31.3,34.9,2.3,726223,4.19
11.16,0.78,5,184,15.8,38.5,3.7,744645,14.41
27.32,0.89,4,320,14.9,43,4,56824,32.28
22.02,0.47,1,187,12.7,61.6,2.4,106559,17.41
24.16,0.64,5,90,9.3,64.1,2.3,237769,29.11
10.41,0.45,4,332,13.5,52,2.4,551987,2.3
29.4,0.99,3,139,16.7,66.2,4.2,716204,25.15
26.65,0.96,4,89,27.2,26.1,3.3,394956,28.85
14.25,0.33,2,274,7.1,26.6,3.2,505230,11.11
13.64,0.79,2,19,11.9,32.9,2.3,191375,16.51
13.67,0.95,3,311,31.7,58.9,3.6,653725,10.63
16.08,0.43,1,154,9.8,36,4.2,775496,14.39
20.5,0.7,5,260,16.3,41.2,4.1,251449,26.47
18.64,0.94,4,108,33.5,50,3.6,421119,20.27
15.82,0.32,2,285,10.1,80.9,2.2,114587,12.57
22.24,0.79,1,59,7.7,21,2.3,469352,20.14
12.79,0.51,3,125,21,68.7,2.1,427088,13.76
15.84,0.95,2,273,15,70.2,2.6,158327,13.3
17.33,0.98,3,107,23.6,79.9,2.3,381550,20.43
19.12,0.96,4,299,31.5,90,2.7,300578,15.3
25.7,0.63,5,245,9.5,21.5,3,441373,23.08
13.99,0.9,2,336,24.2,31.5,4.4,489241,15.64
20.28,0.89,2,247,21.7,86.5,3.5,56372,20.72
21.85,0.52,4,8,9.8,54.4,4.1,620754,27.36
10.93,0.88,1,141,25.6,62.3,3.8,584761,11.92
22.15,0.33,5,8,14,69.7,2.3,324715,24.2
13.41,0.72,2,94,21.1,70.9,3.8,89702,16.97
11.3,0.46,5,321,7.7,89.9,2.7,616199,9.61
28.98,0.38,2,39,20.2,94.8,3.6,766381,22.17
29.31,0.35,5,81,15.1,74,2.9,230114,31.41
26.17,0.79,3,187,32.1,41.5,4.5,292643,22.7
16.09,0.54,2,84,6.9,86,2.7,187860,18.44
11.95,0.81,5,88,18.8,23.7,2.7,482702,14.96
23.68,0.35,1,242,20.1,37.3,4.3,166131,25.32
18.8,0.52,3,342,28.9,87.3,2.1,317145,10.77
12.44,0.68,3,93,24,39.2,3.7,572760,14.32
19.9,0.85,1,86,27,36.5,3.8,470087,20.28
10.69,0.52,5,44,30.6,30.4,4.1,339847,15.62
28.19,0.74,4,137,33.5,84.4,4.4,365187,31.35
15.18,0.92,1,74,15.4,57.5,4.4,471583,22.7
23.25,0.73,5,36,22.8,70.6,2.2,54399,27.73
16.23,0.46,1,101,32.7,37.9,4.1,108882,20.76
20.4,0.32,1,156,37.7,76.9,3.6,710944,8.79
20.93,0.91,2,255,34.4,77,3.6,108409,17.45
13.7,0.31,5,171,17.3,43.4,2.3,580103,11.22
29.39,0.91,4,216,11.4,50.8,3.6,740029,27.78
25.5,0.67,2,170,21.1,35.7,4.5,253013,26.45
28.79,0.96,1,252,29.5,93.2,4.3,327869,25.32
27.9,0.86,1,322,21.3,68.4,3.1,476691,19.73
21.96,1,1,55,20.9,90.1,2.1,711282,12.97
28.44,0.55,5,91,32.7,42.8,2.9,756429,24.22
11.77,0.84,5,278,16.9,78.6,4.1,604672,15.09
13.92,0.58,2,101,33.4,77.4,3.8,114965,15.78
10.9,0.64,4,155,18.4,71.9,3.1,551866,13.24
16.51,0.74,2,349,15.8,92.4,2.1,357728,6.42
17.77,0.91,3,141,20,49.5,3.1,403026,19.72
15.43,0.99,1,173,30.2,29.8,3.2,86861,14.4
26.57,0.84,1,10,9.2,70.4,4.3,193297,29.55
17.14,0.59,1,228,11.5,74.7,3.6,642885,10.65
15.62,0.59,2,265,36.4,63.1,2.8,390469,6.4
20.85,0.82,2,248,10.8,35.5,3.3,276247,19.93
12.82,0.47,1,247,23.7,57.8,2.2,338014,5.27
26.04,0.38,2,155,24.1,43.4,4.4,690800,22.88
11.49,0.55,5,34,21.2,52.1,2.9,611749,13.01
29.74,0.5,5,129,26.3,68.4,3.2,254237,26
25.44,0.51,2,160,12.6,75.9,2.9,138126,26.08
13.97,0.46,1,89,23.2,37.4,3.7,238999,13.48
10.11,0.33,2,93,17.3,50.4,3.7,740567,7.9
26.31,0.31,2,327,26.8,40.2,3.8,486192,18.76
24.14,0.99,2,241,9.7,34.9,2.7,450110,21.99
24.58,0.6,3,323,23.8,78.8,2.8,497295,18.09
25.43,0.57,5,117,11.1,88.2,2.3,324521,26.01
11.48,0.78,4,94,14.2,47.8,3.6,655330,13.16
17.17,0.45,4,163,12.2,76.3,2.1,442465,18.59
12.32,0.96,3,99,11,87.3,3.5,137561,19.77
27.26,0.85,2,113,32.2,83.5,4.2,146799,27.6
22.47,0.36,3,91,14.4,33.7,4.2,452644,26.29
16.62,0.59,3,346,35.6,91.7,3.1,752428,5.56
11.27,0.92,1,206,37,48.3,3.1,281264,9.43
16.22,0.96,5,17,23.9,45.4,2.2,702156,21.95
16.5,0.63,4,274,9.7,24.7,3.7,623072,15.94
24.59,0.73,2,173,17.4,56.5,4.1,235859,25.21
22.75,0.42,4,116,31.3,28.2,2.6,77256,23.2
27.74,0.99,4,349,17.1,38.6,3.1,126385,29.87
19.44,0.46,5,181,7.9,43.8,4.1,596370,19.01
12.39,0.96,4,91,23.4,80.7,4.2,199752,16.33
24.26,0.75,4,82,32.9,85.7,2.6,328453,20.85
25.22,0.73,3,324,31.3,42.7,3.4,426274,15.94
21.23,0.66,5,114,10.8,84.4,2.5,594101,19.31
25.42,0.46,1,257,27.2,84.3,2.3,134923,17.49
19.88,0.42,2,58,12.3,77.3,4.3,354775,20.5
20.45,0.45,4,154,12.2,31,4.1,413805,20.83
18.55,0.43,2,116,33.8,71.8,3.9,455620,15.18
10.51,0.85,1,343,13.2,90.9,2.1,663770,2.63
12.16,0.55,2,266,13.7,71.2,4.1,178759,10.44
10.63,0.34,1,315,5,44.9,3.1,655874,5.84
22.73,0.98,3,203,33.7,57.5,2.9,569659,19.03
16.29,0.92,4,41,31.2,68.4,3.4,466903,20.62
20.17,0.95,1,105,25.7,58.3,2.2,574646,16.57
28.15,1,2,193,29.8,29,3.9,359013,31.28
14.99,0.42,4,278,10,43.4,3.5,153798,17.03
18.21,0.58,3,237,20.1,80.2,2.5,549324,11.88
25.11,0.83,4,221,16.6,84.6,2.5,443504,20.57
14.58,0.79,1,68,8.1,30.3,2.5,529531,14.29
11.54,0.41,3,197,21,91.4,2.1,303499,10.33
15.8,0.87,2,256,35.4,44.7,3.5,730150,6.38
13.22,0.46,3,139,6.3,69.7,4.1,490527,14.28
28.59,0.46,3,312,14.6,76.4,2,114052,24.66
26.16,0.68,5,149,11.8,80.9,2.1,387353,26.57
22.67,0.72,3,99,12.9,90.9,3.4,617267,20.3
27.43,0.71,3,76,35,43.5,4,645601,26.27
26.07,0.36,4,282,20.4,84.4,2.8,420948,19.7
13.73,0.91,2,109,20.4,29.9,2.9,721061,14.84
27.85,0.49,4,188,30.1,72.9,3.5,250751,25.46
20.79,0.39,4,199,10.1,75.6,2.7,357949,20.84
26.15,0.92,1,303,21.1,70.8,2.1,723948,18.67
27.92,0.97,4,327,19.2,38.9,3.8,722193,24.87
16.36,0.9,5,154,24.7,85.5,3.6,564285,17.69
12.2,0.87,5,40,38,32.7,3.5,694235,15.88
14.56,0.76,1,133,30.4,24,3.9,116580,16.56
18.54,0.69,2,132,18.1,73.8,3.7,698746,20.15
26.36,0.36,2,279,32.3,55.7,2.5,290465,16.9
27.21,0.59,4,84,10.6,83.7,2.9,183749,28.6
10.14,0.56,4,242,6,48.8,2.3,229527,10.29
20.21,0.48,4,116,11.7,32.6,2.3,363476,22.62
18.35,0.81,2,109,16.2,82.7,3.7,238394,22.64
14.44,0.65,3,221,21.8,61.2,4.1,290426,15.23
12.4,0.36,5,41,25.3,34.2,4.4,151234,22.72
16.75,0.45,3,147,35,74,3.6,272133,12.1
28.86,0.78,3,112,21.8,58.3,2.5,479213,25.16
16.46,0.35,2,103,21.5,65.3,2.3,381390,12.92
20.38,0.9,3,46,6.7,54.6,4,310039,31.16
24.06,0.65,1,324,6.2,82.2,3.4,609839,14.68
17.27,0.64,4,271,23.2,82.2,3.5,720132,9.44
29.44,0.71,1,195,19.5,73.2,4,617592,21.31
29.25,0.88,5,280,32.7,27.9,3.8,299001,26.29
15.04,0.54,4,283,10.3,82.9,4.1,608332,16.68
19.94,0.77,3,40,5.8,70.3,2.1,163985,26.33
16.02,0.7,5,189,19.8,72.3,3.9,147738,22.31
15.7,0.49,4,164,12.8,47.2,4.1,309220,22.79
10.74,0.92,3,24,6.6,85.9,2.7,655777,13.21
22.19,0.86,1,24,28.9,74.4,3.6,234761,22.67
20.05,0.76,4,4,8.7,28.4,2.8,97440,27.76
11.03,0.9,3,323,25.1,50.6,4.4,148782,14.07
15.57,0.91,1,290,14.3,86.5,2.1,694059,2.88
28.17,0.8,5,181,10.7,23.5,3.4,525337,30.38
14.79,0.89,5,248,17.5,92.1,2.4,239901,15.45
12.9,0.79,5,116,31.4,70.9,3.8,466472,17.44
19.79,0.78,5,279,17.9,67.4,2.4,445685,17.18
29.71,0.73,2,69,29.8,40.3,2.6,541577,23.52
14.84,0.83,4,254,9.1,38.7,3.2,224891,17.22
23.44,0.41,4,181,30.5,90.7,4.3,698302,18.6
25.23,0.92,2,318,12.8,42.4,2.5,282026,22.54
14.75,0.91,3,169,27.4,78.2,2.4,570599,8.12
24.56,0.32,3,313,23.7,49.5,3.9,62093,22.85
17.36,0.88,5,249,35.7,30.4,3.3,329493,18.46
22.65,0.39,1,188,17.8,20.8,4.3,313782,20.39
22.67,0.53,3,54,7.2,60.8,2.4,457613,20.65
20.72,0.82,1,326,5.6,93.2,3.6,104552,20.14
11.81,0.41,4,313,32.3,47.7,2.6,642599,1.57
26.71,0.87,1,138,22.3,46.8,2.4,213336,23.98
16.42,0.88,4,168,30.6,45.8,3.7,557778,14.89
13.73,0.66,2,103,12.7,59,3.5,652409,15.3
10.82,0.3,2,85,16.4,53,3.9,471408,16.52
21.82,0.5,5,317,6,86,2.8,605662,15.36
23.55,0.73,3,212,36.7,57.9,3.1,546395,17.96
10.33,0.99,5,3,27,58.1,3,316647,16.24
20.24,0.74,4,179,35.8,30.4,4.5,656644,21.6
14.53,0.48,5,342,13.8,93.7,2.7,271026,9.81
22.9,0.74,1,303,25.2,38.7,2.7,478410,15.15
13.49,0.68,4,332,27.4,25.5,2.9,609048,6.89
23.82,0.85,2,38,15.5,69.7,3.4,334217,25.27
17.73,0.37,3,239,33,64.7,2.6,277076,9.63
28.73,0.83,4,169,36.3,51.1,4.3,394510,30.03
12.75,0.68,4,343,34.2,51.7,2.7,663473,3.3
16.82,0.97,1,314,29.4,78.9,4.2,747441,10.58
12.27,0.54,3,306,14.2,34.7,2.3,458813,7.3
28.49,0.74,2,30,14.3,81.5,3.6,546100,27.01
27.55,0.95,4,190,36.8,68.7,4.3,727455,23.98
15.16,0.37,4,25,5.3,51.4,2.4,123910,19.18
23.2,0.96,1,112,28.6,54.4,4.4,224059,25.58
26.34,0.78,5,206,28.3,39.2,3.1,581675,26.42
21.1,0.35,2,185,25.5,76.4,4.4,667808,13.98
20.59,0.51,3,47,37.7,58.5,3.7,692772,18.94
14.84,0.8,4,228,15.3,44.1,2.8,361330,18.88
11.86,0.35,4,39,16.2,64.7,2.5,117005,14.33
27.94,0.71,2,16,7.6,94.7,2.8,378336,24.31
28.01,0.54,5,22,19.6,52.6,2.2,223051,30.02
22.66,0.73,4,213,13.6,89.1,2.4,268397,19.83
16.78,0.33,2,310,16.3,45.9,2.3,629201,10.65
16.98,0.91,1,149,32.5,24.1,3.1,106645,17.51
24.52,0.98,5,241,35.9,35.3,4,670686,20.94
27.94,0.98,3,272,11.1,51.4,2.4,370752,22.2
27.74,0.82,4,59,17.3,36.5,2.3,497048,29.18
25.6,0.39,2,287,35.6,20,3.6,117239,19.84
22.84,0.83,1,202,7,88.6,2.5,303019,19.18
11.68,0.32,3,32,8,83.3,2.2,117276,16.44
13.23,0.32,2,162,10.4,75.7,2.4,771158,4.83
27.97,0.53,2,255,24.6,32.6,4.3,655446,21.76
22.13,0.64,3,254,10,29,4.1,394725,23.32
10.18,0.84,1,9,36.9,25.1,2.9,217702,13.52
12.03,0.78,1,139,19.7,74.3,3.6,750091,9.44
23.27,0.61,5,10,21.6,89.7,3.3,308447,26.26
10.1,0.49,4,214,13.1,52.3,3.7,170738,15.19
13.22,1,3,273,20.5,28.9,3.7,472373,13.56
20.97,0.6,3,324,26.8,58.4,3.6,757831,9.59
23.84,0.62,3,48,29.8,46.2,2.7,52873,25.69
23.04,0.41,1,111,29.9,48.1,2.1,228594,20.28
14.49,0.86,4,153,24.1,66.6,3.1,753836,10.46
24.24,0.79,5,123,34.8,73.9,4.2,178314,26.62
14.74,0.45,2,102,32,28.3,3.4,134933,14.16
16.51,0.36,2,241,30,22.7,4.1,477640,14.33
24.93,0.78,3,321,6.8,94.6,4.5,696383,22.35
22.99,0.76,4,191,5.2,37.5,2.4,407832,22.87
26.98,0.49,1,217,12,24,3.7,795923,17.83
23.15,0.97,4,51,26.9,34.2,3.7,559379,25.93
21.37,0.41,4,292,18.6,22.9,4.4,105556,21.44
11.87,0.6,1,81,18.3,49.4,4.5,794624,11.44
17.35,0.96,3,88,34.2,80.2,3.7,355921,20.42
15.3,0.59,4,194,34.6,45.6,2.6,265552,10.89
14.88,0.75,2,104,35,53.3,4,468409,11.38
29.46,0.58,1,271,15.4,70.7,2.3,278231,23.94
17.86,0.49,5,96,27.8,58.2,4,114843,22.53
27.84,0.99,3,198,14,84.6,4.3,51071,34.74
22.62,0.59,1,1,11.3,85,3,387188,21.3
25.9,0.93,5,167,11.1,20.7,3.6,677648,27.64
20.05,0.46,5,126,16.3,78.4,3.1,479236,20.86
21.54,0.45,4,313,19.2,54.6,3.1,799405,11.49
19.85,0.32,4,81,32.4,94.2,2.8,265135,17.59
13.9,0.76,4,251,9,56.2,3.9,260341,18.05
24.45,0.56,1,169,29.3,94,4.3,169812,19.38
15.62,0.91,1,73,22.5,76.6,4.4,173048,21.06
10.49,0.63,3,141,14.5,38.6,2.4,263890,11.82
22.91,0.98,4,70,21.3,60.4,4.2,644630,25.36
13.54,0.43,5,262,14.9,94.4,3.8,729318,8.46
28.81,0.91,2,340,24.7,84.3,2.6,781315,18.83
29.08,0.84,3,308,19.3,27.3,2.2,224217,26.2
28.3,0.84,1,245,10.4,73,2.7,710973,20.96
17.4,0.89,3,3,8.8,45.9,4.3,296191,26.39
10.31,0.83,3,337,23,20.5,3.6,134630,9.39
28.57,0.74,3,63,34.8,50.3,3.8,702519,28.55
18.56,0.39,3,49,16.4,37.6,2.6,527079,16.94
29.33,0.32,2,76,29.2,81.4,3.8,173548,25.39
29.27,0.94,4,175,26.7,45.3,2.1,372373,26.41
27.06,0.73,5,109,35.7,82.1,2.9,265443,28.23
15.89,0.86,3,183,32.1,20,3.6,602596,14.46
17.7,0.64,3,192,23.7,43.1,2.4,390062,16.93
27.02,0.38,3,65,26.7,38.1,4.1,791960,25.16
16.34,0.39,4,337,34.6,37.5,2.6,91059,10.2
13.39,0.78,1,271,18.2,25.1,3.6,316261,11.4
21.14,0.6,1,100,15.8,34,3,411425,21.02
28.72,0.44,2,32,5.4,61.7,3.5,427350,23.33
23.92,0.64,1,128,32.3,41.9,2.3,286952,17.46
21.4,0.34,3,339,31.4,51.3,2,596930,5.56
11.94,0.71,3,43,8.4,48.3,4.3,706060,15.87
22.3,0.49,3,78,24,85.7,2.7,754039,14.77
29.8,0.86,2,314,20.3,87.9,4,653820,21.32
12.8,0.52,3,289,8.9,57,4.5,687935,10.88
20.37,0.62,1,270,37.4,44.8,2.5,462909,7.67
27.55,0.31,4,162,12.1,28,2.7,669416,27.13
24.82,0.35,4,189,7.2,91.5,3.7,277628,29.01
23.94,0.57,5,247,24.6,24.5,4.4,348859,23.82
24.05,0.64,1,216,29.4,42.3,4.3,287685,24.68
17.19,0.72,3,315,6.1,42.4,3.3,400541,15.91
15.87,0.5,4,339,26.7,44,4,264185,15.51
26.19,0.79,1,168,22.6,32.3,2.3,771209,16.29
26.2,0.9,4,339,8.4,78.7,4.4,284633,26.69
27.34,0.85,3,193,10.7,29.2,4.4,123533,35.11
28.26,0.33,4,283,23.7,67.6,2.4,445113,19.62
20.23,0.64,5,336,14.8,29.3,2.7,92824,20.43
20.03,0.37,5,13,36,25.3,2.3,132907,19.27
25.97,0.47,4,240,32,88.2,2.7,214542,18.5
23,0.99,1,320,37.5,34.3,4,398263,14.23
24.04,0.4,1,147,13.6,81.6,2.9,374938,18.53
25.92,0.65,1,204,37,60.8,2.2,649769,10.34
27.8,0.73,4,80,19.2,25.8,2.9,604606,26.11
16.76,0.79,1,43,16.5,91.7,4.5,369739,22.76
17.51,0.69,3,89,6.7,38.5,3.6,300278,25.51
11.88,0.31,5,148,6.7,84.5,3,287352,15.12
21.57,0.53,3,95,27.8,32.7,2.4,630496,15.98
10.72,0.66,1,151,20.1,84,4.5,89054,18.64
19.31,0.36,3,2,12.5,21,4.1,59616,29
20.85,0.55,1,22,25.3,58.4,2.7,646658,14.27
15.73,0.32,4,313,13.3,77.7,2.2,407860,6.97
21.82,0.36,3,328,24.1,90.1,2.1,148161,14.53
10.61,0.58,4,7,16.9,88.2,2.3,226674,16.01
10.75,0.39,4,206,32.2,81.5,3.5,749378,3.95
26.45,0.7,2,114,32.1,86.6,4.3,694627,21.75
17.2,0.78,1,272,20.8,34.9,3.2,582339,10.7
12.54,0.86,5,83,16.6,41.3,4.1,411669,20.71
20.44,0.44,1,179,17,41.7,3.1,440243,10.74
25.4,0.42,5,210,31.6,48.3,3.8,781433,19.27
14.32,0.37,1,328,15.8,49.5,3.8,774328,7.79
22.46,0.75,4,124,11.9,60.8,2.4,211452,23.05
11.71,0.79,3,113,7.8,32,2.9,658328,13.3
11.03,0.32,3,12,20.4,71.8,3.6,197932,14.08
20.63,0.96,2,126,20.9,32.6,2.2,210153,21.19
20.81,0.34,5,53,32.7,43.3,2.9,557070,18.33
22.75,0.68,5,331,12.3,57.8,3.3,353751,20.24
24.52,0.8,5,283,17.6,79.7,4.5,748658,25.35
29.52,0.91,4,140,31.7,75.5,3.2,116757,31.84
20.33,0.8,5,97,32.2,68.4,4,433644,21.9
16.46,0.86,3,5,17.7,31.7,3.1,738891,18.72
25.9,0.54,4,57,20.2,61,4,728085,26.01
15.42,0.87,1,334,15,26.6,3.5,167397,16.52
18.78,0.36,5,69,35.8,48.3,4.2,324978,18.49
11.57,0.93,5,118,8.9,51,3,514341,19.05
10.51,0.68,1,59,35.8,23,3.5,169546,11.68
29.25,0.87,5,33,27.6,40.5,3.6,776017,28.26
26.72,0.62,1,318,22.5,91.7,3,736062,18.61
23.92,0.75,4,50,6.1,91.5,2.4,175213,27.88
18.18,0.67,3,19,20.7,46.4,2.2,140867,19.94
13.47,0.81,1,214,18.5,23.2,2,114056,7.72
13.13,0.36,2,197,10.3,33.4,4.2,732083,14.18
15,0.34,1,47,26.7,49.4,2.6,195218,10.33
20.98,0.47,5,167,37,91.1,2.5,362214,14.13
24.29,0.41,4,289,23.6,30.6,3.8,386639,21.01
23.2,0.91,4,141,28.6,77.3,2.8,499258,23.32
15.6,0.45,1,84,7.3,28.2,3.3,103802,21.07
29.1,0.98,3,182,18.8,93.6,2.4,220069,26
24.76,0.54,2,79,8.8,48.6,4.4,748618,24.68
21.09,0.43,4,215,25.2,78.1,4.1,731308,15.14
22.23,0.85,5,14,36,45.7,4.2,635968,25.4
18.39,0.76,5,215,26.8,67.1,3,64551,21.18
14.95,0.65,3,128,7.5,34.4,3.9,295255,22.83
17.12,0.69,4,310,16.7,31,2.4,520969,15.04
25.16,0.8,1,248,23.2,90.4,2,256393,17.6
10.29,0.46,5,29,18.3,88.8,2,732190,7.5
12.32,1,3,280,32.5,86.6,3.5,525417,10.36
10.92,0.98,4,338,31.9,66.9,3.1,103930,11.41
10.81,0.76,4,319,25.2,80.6,3.3,731754,3.44
27.11,0.44,4,202,17.3,25.2,2,768325,17.81
24.07,0.78,4,57,13.4,45.1,3.1,108284,30.29
19.48,0.35,4,218,8.5,43.5,3.8,449270,22.02
11.96,0.32,5,62,16.7,67.7,3.1,277523,16
19.83,0.48,3,157,18.6,46.7,3.8,344629,18.17
19.47,0.62,4,202,27.3,31.1,2.6,184738,19.17
13.46,0.91,2,17,26.7,64.7,4,483554,16.82
18.68,0.81,2,322,7.3,81.1,3.5,768485,12.86
17.97,0.82,3,6,18,48.7,2.5,427304,21.61
22.32,0.6,1,58,11,29.9,2.6,112186,25.76
22.7,0.54,1,325,10.2,34.8,3.6,515001,15.65
10.91,0.56,1,318,32.3,37.8,4.1,305167,6.36
17.49,0.99,2,169,6.4,42.5,3,691944,14.23
22.52,0.33,1,82,18.8,68.2,2.6,376009,18.5
20.06,0.91,5,219,10.6,65.1,4.2,194630,30.13
27.13,0.71,4,177,34,72.2,3.7,193329,25.93
23.17,0.61,2,204,23.4,47.2,3.1,626573,15.98
13.26,0.81,3,71,12.6,81.8,3.2,249191,20.94
11.41,0.64,3,266,21.6,35.3,2.5,625425,7.32
22.85,0.91,4,98,29.1,55.2,3.6,204415,27.48
10.53,0.93,2,345,36.6,80.1,2.9,291265,2.64
21.72,0.6,1,291,12.3,33.5,4.5,399115,21.52
28.8,0.49,1,208,34.2,28.2,3.2,757397,15.12
21.51,0.71,5,2,35.8,86.3,3.2,748799,17
17.76,0.94,5,124,35.2,45.7,3.4,205154,21.53
22.87,0.45,1,280,26,71.3,4.3,318664,16.5
19.17,0.74,3,74,25.8,21.9,4,162050,24.57
20.91,0.74,3,166,18.3,71.8,3.1,432489,16.35
28.83,0.81,5,22,29.8,43.7,3.8,395437,34.36
17.72,0.39,4,154,22.5,24.2,3.5,725570,17.49
29.22,0.8,1,295,27.4,65.7,3.2,747504,13.23
28.11,0.94,5,219,19.1,38.1,2.5,337676,29.63
13.92,0.43,5,157,29.1,49,3.2,418803,12.5
11.39,0.47,1,230,32.2,26,2.6,722177,3.44
12.02,0.98,1,20,9.8,31,4.3,655031,16.98
10.36,0.43,3,41,32.5,42.3,2.8,52742,13.6
11.89,0.9,4,148,22.8,26.7,4.4,290045,19.36
23.66,0.64,4,108,32.9,88.3,3.3,366331,24.19
11.42,0.47,1,84,19.2,20.5,3.6,222287,11.81
16.38,0.91,2,322,17.5,56.3,3.4,199679,17.02
26.9,0.61,5,309,35.2,29.2,2.3,78338,25.4
10.47,0.66,5,290,13.3,43.1,2.9,532527,11.95
26.29,0.55,1,323,32.9,89.5,2.2,246883,18.58
15.64,0.72,2,134,21,32.1,3.6,89260,18.77
12.36,0.41,3,207,22,92.4,3.1,223234,12.76
23.93,0.57,1,283,15.2,35.4,3.9,651435,17.22
22.58,0.98,1,266,23.9,75.6,2.6,688617,15.07
27.55,0.48,5,73,15.7,61,2.4,412300,26.66
24.7,0.76,1,48,6.3,86.3,3,362053,23.37
26.07,0.53,1,326,14,61.5,4.3,783390,19.77
15.64,0.84,1,233,5.2,60.1,3.8,200423,17.18
13.55,0.39,5,100,37.3,34.7,3,211519,12.71
25.01,0.98,3,59,36.9,32.5,3.3,268900,25.35
26.14,0.62,3,258,18,88.7,2.2,179568,22.03
29.81,0.47,1,65,29,44.6,4.5,334524,31.1
18.25,0.35,5,83,16.4,47.9,3.7,733126,18.93
17.44,0.42,3,154,27.1,77,2.7,511511,14.47
25.53,0.66,3,266,31.6,45.4,3.5,358960,18.35
16.82,0.54,3,309,36.2,91.4,2.3,750808,2.76
28.62,0.88,5,79,18.2,75.3,4.4,86348,36.29
27.17,0.6,5,315,30.8,64.8,2.4,207707,21.57
18.58,0.47,1,150,13.8,86.1,3.6,474416,15.19
25.02,0.73,4,48,37.7,23.7,2.6,511664,23.91
25.09,0.79,3,248,5.9,39.3,3.8,79668,28.41
12.06,0.42,4,278,24.9,54.9,3.9,352279,12.11
28.05,0.42,5,98,26.8,37,3.7,536865,27.24
20.11,0.33,5,25,27.7,75.8,3.5,573553,17.97
26.53,0.82,5,284,9,88.9,4.2,528605,26.61
16.4,0.76,4,301,36,51.8,2.2,290422,11.05
27.91,0.63,5,68,11,45.7,2.8,120140,32.57
17.78,0.89,1,7,25.6,92.1,2.6,370334,15.99
10.22,0.86,5,305,12.3,53.4,4.5,146566,18.86
28.11,0.71,2,137,15.1,56.7,3,760718,20.76
11.83,0.91,4,164,23,46.4,3.8,406378,18.67
16.39,0.44,2,83,18.8,88.2,3.7,287944,14.62
29,0.38,5,138,10.3,62.7,2.5,624728,23.47
29.01,0.49,1,73,10.6,77.2,2.6,423461,29.32
21.47,0.34,3,237,18.8,80.9,2.7,282526,14.34
22.64,0.67,5,46,30,45.6,3,658976,18.88
18.97,0.96,1,106,34.6,52.5,2.6,700364,13.26
15.86,0.33,4,288,7.8,83.6,2,554756,5
16.57,0.39,2,262,18,47.2,4.2,85223,17.43
23.45,0.62,2,176,8.3,79.5,4.4,474742,27.65
25.05,0.95,2,166,5.5,90.6,2.9,622471,18.26
25.83,0.52,4,145,26.8,66.7,2.8,152377,20.66
25.79,0.66,1,330,24.9,75.6,2,221503,12.32
11.82,0.33,4,283,10.4,80.4,3.7,711871,10.2
19.89,0.4,2,54,12.7,83.4,4.1,65091,26.67
11.15,0.99,5,178,5.8,49.6,2.4,614545,12.78
20.99,0.98,3,244,32.6,23.8,2.4,405330,18.12
18.83,0.3,4,341,37.2,50.1,4,385079,16.39
27.75,0.97,4,127,9.5,70.5,3.5,55322,37.54
17.02,0.75,1,271,12.6,53.8,2.1,664549,7.75
12.34,0.91,1,132,33.7,76.2,3.6,319869,6.84
12.86,0.62,4,93,35.6,46.8,2.8,455574,10.39
25.23,0.66,2,73,18.8,67.6,2.9,557976,20.39
22.36,0.64,3,248,6.7,34,3.9,576972,21.17
12.02,0.77,1,348,6.3,76.2,4,766985,6.43
11.68,0.4,2,273,23.9,60.9,3,448505,8.12
24.02,0.32,5,43,18,35.3,4.4,349790,32.25
11.46,0.52,1,41,5.9,41.9,3,765278,9.51
26.44,0.79,2,170,24.2,76.1,3.9,531583,24.82
24.12,0.44,2,212,5.4,56.2,3.2,273613,23.14
11.63,0.77,3,168,31,36.2,4.2,144848,16.84
11.7,0.98,3,39,15.1,92.5,4.3,681916,17.78
29.73,0.37,5,245,6.3,73.6,2.2,321636,26.01
17.49,0.77,2,151,24.4,91.8,4.3,545352,20.22
17.41,0.61,2,111,18.1,52,4.1,403112,16.23
26.26,0.91,3,47,37.1,55.6,4,199197,27.96
28.94,0.42,1,63,23,87.3,2.5,501265,20.11
29.72,0.78,1,225,14.1,59.4,4,95512,30.4
25.07,0.89,4,69,28.4,73,4.1,360007,30.66
17.53,0.96,3,299,14,38.9,2.7,459961,15.28
11.67,0.78,4,290,34.8,53.5,4.4,377035,9.8
25.54,0.65,3,296,17.4,29.3,2.1,611504,18.69
21.17,0.73,5,203,23.1,35.4,2.4,670944,18.8
18.48,0.91,2,61,6.7,20.1,3.3,628432,16.99
28.13,0.7,5,318,19.1,22.9,3.4,79110,29.79
12.22,0.32,3,314,32.5,93.3,3.6,195597,4.89
19.85,0.95,2,161,31.6,38.2,2,452456,13.07
10.23,0.78,1,331,12.4,69.7,4.4,751117,4.4
19.37,0.77,1,16,12.5,82.9,2.1,676218,15.97
11.13,0.45,4,338,32,61.3,2.4,681901,1.97
12.38,0.76,3,94,35.7,31.5,2,277406,8.78
12.35,0.58,3,304,8.1,74.6,3.4,372086,13.39
22.98,0.76,1,138,19.9,65,4.3,403029,19.54
24.92,0.37,5,338,16.1,74.8,3.7,168029,24.6
21.67,0.76,2,38,33.7,77.7,4.1,73301,23.28
29.24,1,5,127,7.8,93.2,2,760177,24.55
17.5,0.33,5,275,12,63,3.4,230534,19.66
15.71,0.98,1,164,29.8,45.6,3.1,229962,16.04
27.37,0.58,1,319,6.7,68.6,3.2,112534,26.1
14.47,0.91,1,77,21.3,25.1,2.2,746381,9.71
29.26,0.85,4,174,19.6,87.3,3.7,484803,28.43
10.24,0.7,5,321,16,29,3.3,550278,9.87
29.4,0.82,3,91,18,44.6,3.9,733683,28.14
10.86,0.91,2,238,22.5,81.2,3.2,309215,10.85
27.82,0.58,4,264,10.3,64.8,2.4,516130,21.83
20.55,0.53,3,179,23.9,49.5,3.6,79100,18.64
29.86,0.77,5,209,31.6,55.5,2.4,190079,27.92
11.48,0.87,1,73,30.1,84.1,4.2,673434,10.73
21.08,0.83,5,107,10.1,45.5,3.5,625076,23.13
29.39,0.86,2,345,9.9,85.2,2.4,312982,19.57
20.46,0.6,4,295,13.8,26.6,4.4,332608,26.03
22.59,0.87,4,284,16.9,78.3,3.3,450166,21.39
23.91,0.38,2,182,18.5,83.6,2.2,50181,19.05
19.09,0.68,3,37,27.4,33.6,3.6,230933,20.83
22.55,0.3,3,137,6.9,52.3,2.6,206174,20.59
21.69,0.53,4,338,6.1,32.4,4,237862,26.38
28.02,0.56,4,56,17.9,73,4,654429,27.75
10.91,0.58,1,187,28,60.2,4.4,259755,10.38
15.62,0.79,3,341,11.4,67.6,3.3,193641,16.82
29.01,0.57,2,258,26.2,34.7,3.1,428198,20.17
27.81,0.61,3,58,13.6,35.9,3.9,699234,30.38
19.11,0.47,1,123,34.2,23.1,2.3,231012,16.7
22.4,0.56,4,188,34.6,44.2,3.4,108902,21.72
15.55,0.46,4,230,14.8,62,3.4,317304,14.93
13.76,0.35,1,168,12.6,84.3,2.2,610739,0.34
19.27,0.72,2,114,18.6,70,3,463018,14.15
17.07,0.77,4,252,12.9,52.7,4.1,662595,14.7
21.67,0.73,5,107,27.2,91.5,4.1,769694,20.84
11.55,0.62,4,37,32.3,73.9,2.2,644497,7.74
29.49,0.57,5,335,27.2,89.8,2.2,502852,16.75
29.72,0.9,1,92,32.2,59.6,2.7,420006,23.01
23.96,0.66,1,18,18.1,39.4,4.2,80052,30.12
20.72,0.64,4,63,10.2,24,2.3,788241,19.99
16.19,0.32,3,150,29.4,74.5,3.8,337611,10.83
26.28,0.54,5,139,16.9,29.1,2.3,164171,27.39
23.69,0.57,2,186,27.2,42.7,3.6,550032,15.85
13.25,0.58,4,185,13.9,59.9,2.9,263216,17.14
28.22,0.71,2,205,7.7,62.3,4,489334,28.08
26.45,0.67,4,260,37.8,65,2.6,490076,16.29
29,0.73,3,214,10.2,32.5,3.6,384297,27.29
24.51,0.84,3,256,37.6,48.5,2.6,677089,14
22.27,0.87,3,135,37.3,66.3,3.8,248725,17.99
18.36,0.8,3,61,31.2,92.7,4.2,386474,20.91
28.65,0.97,1,310,26.8,74.6,2.3,453269,17.18
27.32,0.31,1,88,24.1,89.2,4.2,547719,23.52
10.9,0.44,5,324,33.6,77.2,3.5,637979,3.26
10.53,0.31,2,207,14.6,64.4,2.3,346105,5.16
17.53,0.75,4,129,20.4,34.4,3.1,534535,15.29
26.21,0.93,4,311,25.4,70,2.4,162958,20.65
29.75,0.47,1,3,18.6,66.8,3.8,749486,22.14
13.01,0.95,4,242,19.1,65.2,3.9,337294,18.67
21.88,0.34,1,121,15.9,56.7,2.3,597141,12.28
17.62,0.95,5,102,23.6,59.6,3.3,65256,25.32
29.4,0.55,2,38,33.1,45.1,4,203890,28.79
26.84,0.37,5,341,11.7,58.9,4.3,415312,23.04
26.77,0.64,3,133,35.8,34.8,3.3,708689,19.97
19.37,0.48,3,202,27.7,80.4,4.4,445441,18.63
18.3,0.5,3,348,32.2,33.9,3.3,747403,6.29
15.47,0.52,5,21,23.4,26.4,3,412848,21.24
11.13,0.86,4,242,30.7,52.7,4.1,417837,11.35
27.29,0.68,2,109,5.5,69.4,3.2,139810,28.18
26.26,0.52,3,303,32,52.8,3.2,651992,17.31
29.99,0.73,3,84,6.3,40.8,3.2,235224,31.71
29.93,0.8,3,83,34.4,61.9,4.1,724709,25.95
21.11,0.49,2,291,37.7,46,4.1,733118,11.17
25.38,0.59,3,69,14.7,90,3,757483,20.75
28.9,0.39,2,129,11.9,89.2,2.8,440173,18.27
26.99,0.43,3,196,30.3,57.7,3.2,557820,15.91
14.95,0.78,5,140,13.3,44.6,3.4,633887,19.12
19.01,0.43,5,283,33.6,75.3,2.6,148261,17.49
12.58,0.67,2,312,8.4,22.8,4,500718,10.8
29.08,0.8,5,234,9.2,55.6,3.2,75723,32.29
22.12,0.37,2,23,37.3,45.2,2.8,423175,17.89
14.57,0.7,5,153,27.2,89,2.3,166132,16.82
23.43,0.48,5,277,32.9,20.9,2.6,187192,16.61
22.36,0.97,2,61,15.7,61.5,4.4,323786,25.71
17.16,0.64,4,319,27.3,75.5,2.8,374328,11.58
12.27,0.86,5,52,24.6,56.4,2.4,517379,15.93
23.43,0.69,3,344,24.9,26.4,3.2,105821,26.33
20.41,0.33,4,153,27.5,92.9,2.8,427769,15.07
25.45,0.74,2,237,24,58.9,2.1,186969,16.92
20.4,0.97,4,311,19.2,66.1,2.8,480481,17.89
27.04,0.72,1,302,14.1,37.7,3.4,528053,23.01
21.04,0.87,1,32,30.4,56.3,3.4,467532,19.53
21.22,0.92,5,55,12.5,52.2,2.9,603722,22.43
27.53,0.46,5,36,27.8,25.6,3.1,301707,31.31
18.07,0.45,3,110,12.7,28,4.4,623830,21.45
12.68,0.73,4,177,25.6,82.8,2.9,374575,10.18
10.58,0.59,1,314,29.7,38,2.6,413138,3.87
25.1,0.89,5,295,12.2,34.6,2.6,536077,24.9
22.41,0.93,4,336,7,57.9,3.1,63769,27.35
24.08,0.55,5,97,9.3,77.7,3.9,540496,26.56
14.26,0.47,5,213,25,24.6,2.5,513939,11.4
12.73,0.85,1,317,33,63.3,3.8,282385,11.58
10.29,0.49,1,137,6.5,28.9,2.1,114346,8.99
17.01,0.88,5,6,29.2,22.7,3,118202,26.02
21.8,0.6,2,109,16.3,24,3.9,742418,17.08
17.84,0.77,5,35,20.8,82.6,2.8,566959,21.29
18.75,0.37,5,39,35.7,28.8,3.4,145327,22.38
28.08,0.74,3,150,16,23.4,2.5,317542,29.27
16.97,0.62,3,118,20.4,52.8,3.9,494362,19.06
20.28,0.71,3,261,5.5,83.3,2.1,676679,10.87
25.67,0.42,2,87,7.7,39.7,4.1,82746,33.22
17.93,0.82,2,76,13.5,51.6,2.5,227475,22.83
22.44,0.9,5,313,5.9,23,4.2,717312,25.71
27.25,0.45,3,214,25.8,53.7,2.9,56874,23.05
28.99,0.37,2,285,19.1,63.3,3.8,201049,23.86
12.94,0.32,1,239,23.1,62.8,2.8,769268,2.62
28.53,0.75,5,165,10.8,44.9,4.3,510051,30.55
19.84,0.72,4,87,14.8,43.7,2.3,246254,25.67
15.16,0.68,5,141,26.9,28,2.4,100243,19.12
19.18,0.46,4,160,36.9,47.5,3.2,71144,14.17
29.6,0.57,3,46,6.7,27.5,2.2,233559,31.22
19.85,0.72,4,112,34.4,77.5,2.5,711114,13
16.58,0.65,3,45,24,92.5,4.4,361935,20.07
22.67,0.99,1,247,23.6,92.8,4.4,590250,17.38
14.8,0.4,4,104,21.5,84.9,2.9,738714,12.26
11.52,0.79,5,85,7.3,65.1,4.3,356030,23.85
12.58,0.58,3,134,8,72.6,3.4,193458,17.64
12.56,0.6,5,108,24.8,41.4,2.7,437838,13.62
13.04,0.8,2,18,16.3,67.3,3.8,731063,14.11
12.78,0.78,3,94,35.3,54.2,3.6,653281,11.43
22.82,0.99,4,150,18.4,56.2,4.5,99372,29.21
13.64,0.39,3,246,9.7,76.8,2.7,569430,10
16.91,0.37,5,289,28.6,41.1,3.7,478923,15.46
27.94,0.81,1,209,14.7,43.9,2.1,730597,20.92
19.48,0.7,3,126,22.3,89.3,2.3,141861,20.98
23.35,0.49,4,235,28,24.2,2,450527,15.43
13.45,0.36,2,122,34.7,56.4,4.5,709597,11.42
13.85,0.36,1,138,31.1,88.5,4,357518,8.52
10.82,0.93,2,115,27.3,65.8,4,411496,14.61
13.38,0.43,3,162,27.4,61,3.3,102846,13.46
15.57,0.53,5,201,36.2,38.7,2.8,258608,12.86
13.54,0.46,5,234,14.8,45.7,2.4,293380,14.49
11.77,0.55,4,28,5,83.9,2.7,758842,6.95
12.41,0.35,5,11,14,61.9,2.9,262001,14.63
19.22,0.66,1,206,12.2,58.6,3.9,395652,17.61
14.13,0.35,5,167,26.8,27.5,3.3,553478,13.75
17.29,0.86,4,247,25.9,21.2,2.2,171638,16.52
20.07,0.46,3,47,24.6,92.3,2,414832,12.25
23.81,0.68,3,246,5.5,48.3,2.3,603904,16.93
10.79,0.92,5,127,29,65.2,3,700141,11.67
25.99,0.76,2,147,15.7,26,4.3,519694,27.63
22.56,0.67,3,118,26.9,71.2,3.6,551790,19.92
11.64,0.53,5,152,23.4,89.9,4,144713,19.58
27.47,0.53,4,72,16.3,63.2,3.2,759332,24.85
28.42,0.77,5,137,9.4,29.5,2.9,149431,31.81
11.22,1,3,175,8.1,63.6,2.3,631005,9.83
15.54,0.76,4,289,32.4,77.5,4.2,248612,13.28
26.12,0.69,5,19,35.3,50.5,4,750195,25.44
24.97,0.81,1,195,26.4,86,2.4,589970,17.11
13.69,0.63,4,330,8.4,68.7,3.3,615360,12.45
14.19,0.34,1,175,18.3,87.4,3.2,214294,14.05
17.41,0.69,2,141,29.1,66.8,3.6,382280,15.16
19.69,0.97,4,246,30.7,29.8,4.4,513360,23.54
22.37,0.42,1,93,8.9,43.2,3.4,627480,18.54
17.38,0.78,3,239,5,35.1,3.4,127970,24.98
19.25,0.44,3,205,28.5,88.2,2.1,771774,7.67
24.95,0.68,2,48,16.8,77,2.2,717666,19.71
10.73,0.37,4,245,13.4,70.7,2.5,252761,12.88
15.05,0.62,4,320,5.4,42.6,2.1,667070,9.64
24.27,0.83,4,317,22.8,33.8,3.9,438743,23.39
27.9,0.54,2,295,33.1,76.7,3.8,396355,22.37
20.23,0.77,4,128,36.6,55.6,2.3,285826,17.74
20.64,0.86,3,344,23.7,36.9,4.1,485726,15.62
12.14,0.95,1,282,22,66.2,2.4,597417,9.05
18.95,0.46,3,17,7.8,23,2.8,358200,21.34
20.65,0.58,3,71,23.1,44.5,2.6,521914,18.4
14.85,0.41,1,269,17.5,55.1,2.9,574485,9.29
15.38,0.99,3,325,25,31.1,2.6,583341,9.12
17.55,0.95,2,282,17.8,93.8,3.2,88975,15.16
10.4,0.68,1,305,12.9,35.7,3,694811,4.87
16.44,0.89,3,7,8.1,29.8,4.5,393690,22.68
14.23,0.66,5,314,15.4,35.3,2.1,246812,13.24
16.55,0.74,3,305,8.2,77.7,2.4,231323,15.06
12.4,0.36,2,103,10.8,51.9,2.1,412261,9.47
27.81,0.83,4,309,37.6,62.4,3.6,715124,16.27
21.87,0.39,3,193,19.7,21.6,2.1,333761,20.68
23.58,0.88,4,241,22.6,22.6,4.1,612294,23.51
25.78,0.85,5,62,33.8,53.4,3.3,122614,32.85
19.97,0.8,3,17,37.9,81.2,3.3,407043,18.77
11.74,0.33,1,171,24.2,86.4,3.4,793765,1.4
20.74,0.51,4,25,31.8,26.5,2.4,627828,18.14
21.74,0.48,5,251,15.8,60.4,2.5,207896,20.33
24.91,0.55,1,253,15.1,88.5,2.8,426081,14.28
18.63,0.36,1,207,18.3,49.1,3.5,225219,18.98
12.55,0.96,1,29,27.2,82.2,2.5,357171,10.35
15.68,0.69,1,117,27.5,30,2.3,635063,5.55
17.26,0.51,3,282,15.4,90.2,4.4,628419,16.67
22.92,0.58,3,144,9.4,76.4,2.1,221075,20.28
21.42,0.61,3,25,25.9,90.6,4,741667,18.05
17.12,0.72,5,310,9.2,70.7,4,494426,15.12
29.73,0.66,5,156,24.1,47.3,2.7,334943,31.81
22.12,0.94,5,73,27.9,90.4,2.3,426452,18.95
14.74,0.65,2,120,28.1,40.7,2.4,503803,10.68
12.04,0.99,5,312,29.9,44.9,3.7,469918,14.89
13.06,0.9,3,321,33.8,72.6,3.6,414804,10.58
14.92,0.45,3,93,21.5,77.4,4,428700,15.97
13.21,0.95,2,86,29.1,89.7,4.3,182309,14.47
13.73,0.38,2,336,25.4,35.4,3.7,659550,4.73
15.7,0.87,5,118,11.2,79.8,2.4,456320,18.29
13.47,0.57,4,233,5.8,75.4,2.6,148310,14.08
27.94,0.91,2,199,14.4,24.8,4.1,624618,26.83
11.6,0.91,1,206,19.6,49,2.5,749333,6.62
20.49,0.86,3,339,25.4,41.2,2.2,760480,12.29
18.21,0.85,1,147,33,42.8,3.8,326763,14.62
29.65,0.51,3,271,11.5,93.7,3,151638,30.29
12.24,0.36,3,139,9.1,68.2,4.3,438800,16.9
17.96,0.58,2,181,36.8,73.8,3.6,134457,15.97
29.39,0.42,2,30,8.6,93.2,2.2,750491,23.5
27.31,0.79,1,57,20.8,48.3,4.4,187685,35.14
26.34,0.54,3,232,24.3,80.1,2.6,239574,17.91
15.16,0.98,1,146,22.9,52.6,2.8,354977,13.29
13.42,0.75,4,48,7.8,85.2,3,337373,13.97
23.37,0.88,1,194,6.9,33.5,2.1,645997,17.55
28.59,0.39,5,224,8.5,91.1,3.2,392238,27.14
21.14,0.9,1,136,24.3,36.4,2.3,178076,19.05
21.43,0.95,5,22,23,44.5,3,250407,26.36
15.6,0.64,5,6,12.7,76.7,2.9,431835,16.19
25.39,0.72,5,204,26,49.5,3.9,160590,29.34
13.74,0.84,4,239,32.1,65.6,4,508742,16.25
16.47,0.42,1,185,6.4,53.3,2.4,474310,10.29
18.51,0.65,1,292,21.4,75.7,2.9,586027,10.21
20.15,0.58,4,335,27.7,37.1,2.9,753278,8.43
14.85,0.4,3,220,13.3,24.4,2.4,734191,9.93
12.3,0.56,2,116,15.2,42.5,4,759557,10.78
22.21,0.35,1,313,25.3,55.6,3.8,233537,14.63
15.77,0.32,2,49,34.6,32.6,2.5,148674,12.71
21.62,0.39,4,173,31.7,46.6,2.9,276708,18.13
13.09,0.97,3,82,24.2,50,2.3,721314,11.45
19.62,0.68,3,322,29.1,24.3,3.6,779040,9.75
20.65,0.98,3,333,17,63.7,2.3,694494,11.91
11.04,0.6,4,45,26.2,86.3,4.5,132513,19.05
16.73,0.52,5,335,20.4,31.4,4,760571,11.48
12.69,0.65,5,20,11.3,64.8,3,367519,22.78
11.27,0.61,2,221,28.2,69.9,3.4,56983,9.94
29.8,0.37,5,123,23.4,51.5,4.3,381795,29.77
16.45,0.75,5,234,16.8,72.6,3.4,84552,19.23
26.2,0.45,3,221,35.1,50.8,2.4,457908,20.62
15.09,0.73,3,323,5.7,57.8,2.9,303916,15.59
23.63,0.76,2,339,15.4,20.6,4.1,405076,19.72
25.2,0.41,1,3,6.9,71.9,3.6,509878,26.27
21.91,0.34,2,182,30.3,69.6,3.6,701601,13.74
19.43,0.85,2,206,28.2,22.9,4.2,546426,18.71
18.24,0.62,4,320,15.9,47.6,4.2,375537,18.33
16.98,0.34,4,40,27.3,93.4,4.3,664571,14.99
28.59,1,2,59,18.1,51.6,2.2,729187,23.71
26.61,0.34,2,62,30,57.6,3.4,139820,23.93
29.3,0.79,2,132,20,88.2,3.9,448950,30.4
12.49,0.99,5,60,18.6,73.8,3.9,263384,19.32
24.62,0.47,4,331,35.8,63.7,3.5,85296,23.91
28.77,0.4,2,122,13.3,79.8,2.4,551410,20.85
13.62,0.38,3,107,9,84.8,4,697078,13.99
11.33,0.51,3,96,24.3,54.3,3.8,172177,17.46
24.82,0.37,5,347,37,55.6,2.2,659310,11.19
21.49,0.78,5,235,17.5,49,3.2,690047,21.13
26.84,0.34,1,62,7,92.5,2.4,735755,12.53
12.8,0.66,1,256,16.2,72.3,2.8,248964,8.09
25.91,1,1,49,21.7,26.2,2,727965,17.78
14.03,0.87,5,348,10.3,84.7,3,290497,12.62
13.27,0.73,5,159,26.7,56,3.4,464254,14.83
13.29,0.51,5,124,37.9,25.2,3.5,87881,18.9
26.29,0.74,3,317,19.9,61.2,3.7,82911,27
23.3,0.67,5,207,16.7,51.3,4.1,590280,24.63
20.46,0.6,3,48,18.2,85.8,2.5,383360,17.79
17.18,0.39,1,136,8.8,35.3,2.3,242219,15.86
27.54,0.92,1,201,34.1,82,4.1,192810,24.81
17.85,0.61,1,250,18.7,61.8,2.4,552465,11.22
26.33,0.44,2,314,17.8,24.1,4.4,50301,28.04
18.78,0.56,2,318,26.8,92.9,4.1,654418,10.82
17.54,0.59,4,295,19.6,58.4,3.3,109437,16.55
19.25,0.88,4,314,26.4,41.8,4.5,193617,21.11
16.03,0.81,4,209,7,55.2,2.2,339677,15.79
24.95,0.84,2,211,31.9,84.3,2.8,413644,17.26
20.05,0.31,2,192,36,42.9,3.6,316246,15.84
14.64,0.59,4,44,26.4,34.5,2.9,290534,19.36
27.99,0.64,4,29,36.5,29.7,4.3,772937,26.36
17.68,0.31,5,59,10,42.3,2.2,531185,17.97
20.87,0.48,4,71,20.8,78.5,3.4,67575,25.11
28.13,0.83,5,92,24.9,55.4,3.5,372632,29.41
22.48,0.4,3,265,24.2,37.1,3.6,706257,13.63
12.34,0.67,2,220,18.2,32.5,2.6,276092,7.75
28.8,0.45,4,215,16.2,45,2.9,120917,26.66
22.55,0.31,2,277,9.2,90.5,4.1,618789,17.36
16.7,0.47,2,64,17.9,45.7,2.5,504510,12.57
12.79,0.98,2,346,10.4,94.1,4.1,477734,11.23
25.88,0.86,3,292,29.2,56.4,3.4,90182,25.22
22.4,0.97,1,245,11.9,33.4,3.9,155374,25.52
20.67,0.64,4,62,6.9,86.8,3.8,516912,21.83
27.88,0.38,1,332,23.2,54.5,2.5,205868,19.83
25.77,0.68,1,170,24.6,73.2,3.4,428053,22.4
13.03,0.62,1,269,33.8,93.8,4.2,458661,5.11
16.23,0.89,2,267,24,23.8,3.1,262630,13.66
14.97,0.37,5,54,16.4,27.3,4.4,761319,21.24
24.88,0.64,2,16,31.5,74,3.1,681848,18.88
10.67,0.41,2,8,22.8,41.1,2.4,591780,3.82
21.4,0.53,1,104,7.6,33.8,3,108495,20.35
25.25,0.82,2,59,23.7,23,4.4,129598,30.48
27.54,0.63,1,313,35,21.6,2.8,419586,14.7
16.84,0.56,5,40,18.1,78.1,4.2,170535,24.38
26.43,0.58,4,237,14.8,30.1,4.2,783699,23.71
12.21,0.62,1,94,9.7,55.1,2.9,168890,17.57
26.93,0.85,5,222,10,65.4,2.2,415601,24.66
12.55,0.92,4,204,19.3,52.1,3.8,323091,19.32
17.95,0.97,3,138,24.7,22,2.8,529540,20.25
25.95,0.85,1,300,7.7,78.8,4,146777,28.09
13,0.52,1,207,36,20.8,3.1,372737,8.63
14.59,0.78,3,336,29.9,77.1,3.2,256029,7.17
24.45,0.61,3,81,24.4,87,3.9,715814,21.83
24.4,0.48,1,218,32.3,52.5,3,80439,21.13
22.82,0.89,3,2,7.6,60.2,3.1,735296,23.55
23.88,0.33,2,178,20.7,55.8,2.9,674746,18.81
20.85,0.93,4,346,25.8,49.2,2.9,273178,20.1
15.04,0.62,4,279,32.3,86.6,3.3,641968,9.88
16.91,0.75,4,146,30.9,87,4,73410,23.35
13.63,0.76,2,318,14.1,45.2,2.9,775149,7.44
28.17,0.93,3,224,36,66.1,3.3,444946,17.74
21.67,0.75,5,62,9.1,89.5,3.7,277461,27.27
18.02,0.73,3,294,33.9,92.2,2.7,321937,13.86
19.24,0.35,1,239,37,58.2,2.7,99804,10.4
28.95,0.66,4,195,10.8,54,4.3,792012,26.5
13.07,0.41,3,166,28.8,40.9,3.8,79469,13.85
21.72,0.82,5,222,6.3,91.9,3.4,541180,25.99
20.12,0.66,1,61,18.4,30.7,3.6,382052,24.24
22.23,0.78,2,129,22,63.5,2.1,761687,12.16
10.36,0.33,2,173,24.2,41.2,3.5,234500,10.71
27.44,0.36,5,156,35.9,40.9,3.3,449065,22.42
28.64,0.8,1,110,27.2,50.4,3.4,411767,25.93
21.3,0.35,4,269,20.9,94.9,2.9,577150,14.73
23.93,0.35,3,278,31.7,24.1,2.2,101008,19.57
28.45,0.31,1,74,36.4,63.4,2.5,195342,21.63
24.14,0.97,2,207,5.7,26.2,4.4,210924,35.54
13.05,0.82,5,279,37.4,31.6,3,603613,7.81
21.53,0.55,5,326,7.8,53,3.2,191854,19.35
22.13,0.51,3,340,31.9,58.3,2.1,480119,10.18
18.48,0.54,5,340,14.3,39.4,2.1,211433,13.36
24.73,0.84,5,204,9.4,43.7,3.8,696219,22.74
28.69,0.76,1,161,19.5,26.5,3.3,756639,19.69
28.51,0.43,4,28,26.3,42.7,3.3,438870,25.99
19.02,0.42,3,257,17.6,92.5,2.6,314232,11.81
12.26,0.37,1,165,6.8,90.9,3.9,225543,14.34
29.7,0.76,4,63,24.8,45.1,2.4,87336,30.14
26.78,0.84,1,22,34.8,62.8,2.5,251375,22.66
12.49,0.49,1,70,17.6,88.2,3.2,540677,11.34
28.42,0.31,5,96,12.1,20.5,2.7,450213,26.65
27.4,0.36,4,163,19.6,80.8,2.6,758031,18.29
20.38,0.98,3,79,6.6,91.1,3.6,347208,25.76
21.83,0.51,3,5,32.1,26.8,3.6,570398,17.31
17.98,0.84,4,316,32.3,32.1,4.1,416992,12.57
11.1,0.74,5,120,24.4,92.1,3,434432,13.6
16.7,0.57,2,302,16.7,60.3,2.2,250831,12.23
26.06,0.44,1,178,31.4,21.1,2.7,391213,22.31
10.09,0.38,5,176,23.3,39.3,4.5,403089,15.31
16.67,0.73,4,217,32.3,53.7,3.5,579982,15.58
17.96,0.84,1,56,25.8,72,3.8,755480,14.17
20.75,0.75,3,187,30.9,75,2,296991,15.95
28.4,0.67,2,232,24.8,94.7,3.3,81650,28.04
16.93,0.33,3,255,18.7,41.6,2.1,422221,6.42
16.94,0.98,4,104,36.6,60.4,3.4,458346,18.61
24.75,0.86,1,77,22.9,60,4.3,176330,31.78
19.04,0.5,4,230,25,50.4,4.4,620348,18.03
14.49,0.99,1,258,12.3,32.7,3.4,788697,13.67
19.05,0.72,5,264,25.6,93.3,3.1,759331,11.82
12.82,0.71,2,331,23.9,84,4.4,197830,12.44
13.53,0.82,5,182,11.1,57.4,3.7,706522,16.15
19.97,0.87,5,256,7,65.2,2.2,578370,13.48
18.38,0.76,4,38,24.9,37,3.2,390385,19.46
28.3,0.39,2,176,30.2,60.8,2.6,455458,16.87
17.25,0.54,1,27,22.3,72.1,3.2,687200,14.42
21.61,0.95,1,276,12.5,58.6,3.1,410101,19.48
22.65,0.46,3,140,27,94.3,3.5,329906,20.44
10.26,0.56,1,299,7.6,65.9,2.9,419936,7.81
23.27,0.6,4,287,19.6,47.8,2.4,484347,17.13
13.56,0.61,5,91,10.4,77.9,3.3,191808,22.92
29.22,0.73,5,61,11.1,32.8,4.1,725681,32.17
12.97,0.96,5,347,11.7,48.8,3.7,555640,14.83
18.29,0.47,2,163,17.8,46,2.8,524952,13.29
11.71,0.39,1,143,6.7,52.4,4.3,124622,17.95
29.94,0.44,4,253,18.1,78.6,4.3,503130,25.7
20.04,0.92,2,269,21.9,56.3,2.5,140720,19.47
21.91,0.75,3,291,20.9,79.6,2.1,109023,15.43
11.34,0.5,4,187,17.6,63.2,3.9,445483,11.19
25,0.87,4,304,32.7,45.7,4.1,352089,24.9
14.2,0.9,4,291,9.8,80.7,4.4,491608,16.86
27.96,0.89,5,86,21.7,37.9,4.2,116917,35.13
14.1,0.94,4,166,7,36.8,3.5,373237,22.1
13.81,0.48,1,114,7.3,57.8,3.3,181090,14.76
10.73,0.83,4,183,23.9,39.6,2.1,790325,6.05
19.44,0.62,5,207,23.7,20.7,2.6,470863,20.93
21.3,0.89,4,256,34,68.6,3.1,565578,19.18
11.31,0.81,3,235,23.4,58.3,3.6,294064,15.94
25.51,0.84,3,3,36.7,53.4,3.4,121054,27.77
19.07,0.76,5,208,6.6,92.5,3.9,781903,21.52
20.49,0.42,1,197,8.2,62.8,2.7,264694,14.84
18.82,0.68,1,341,6.5,84.8,3.4,367856,12.32
18.02,0.99,2,125,11.1,30.5,2.2,537398,12.11
21.19,0.96,5,138,22.9,62.7,3,68523,29.84
13.1,0.33,4,339,26.3,85.1,3.9,657694,5.1
13.64,0.42,5,25,6.5,63.7,3.7,452434,20.1
27.24,0.39,2,68,36.2,73.9,4.5,258663,23.98
28.92,0.81,5,61,32.8,47.9,2.7,96206,32.79
17.47,0.87,5,29,14.8,26.9,3.2,171874,26.25
15.41,0.45,2,19,7.5,54.3,2.8,721275,11.02
22.88,0.65,1,171,10.6,49.6,3.1,564518,19.24
18.17,0.89,4,74,9.2,85,4.1,237426,23.38
10.51,0.81,2,61,9.1,38.3,3.7,99201,17.71
13.12,0.68,3,153,22.1,92.5,4.2,567961,8.95
24.32,0.71,1,276,13.1,91.9,2.5,479306,12.57
23.18,0.66,3,48,16.8,38.6,4.2,353390,28.13
10.54,0.51,1,211,37.7,46.1,2.1,322709,0
14.44,0.7,4,343,27.6,87.2,4.2,212611,11.65
14.62,0.78,4,139,36.3,92.5,2.8,552208,10.87
23.44,0.91,5,110,9.7,53.3,2.8,778001,22.18
10.39,0.75,3,183,17.6,44.1,3.3,181786,18.46
12.08,0.83,1,28,23.3,59.5,4.4,497837,18.86
26,0.41,4,197,7.5,71.6,2.1,368139,20.27
13.57,0.62,2,191,5.1,40.5,2.9,385017,15.07
23.05,0.31,4,315,27.1,75.2,4.1,240610,21.51
14.76,0.47,2,51,26.2,23.9,3,668851,10.51
11.99,0.81,1,149,18.6,23.7,2.5,413942,7.48
14.86,0.99,4,268,21.2,49,3.1,457554,14.78
24.45,0.37,4,50,18.7,46.5,3,278571,25.38
27.11,0.58,1,246,5.8,43.7,4.3,186356,26.7
26.6,0.86,4,113,16.1,56.8,3.9,114433,33.49
17.94,0.44,2,170,10.8,44.1,3.3,585589,13.5
23.36,0.69,4,166,8.2,34.4,4.5,197176,28.33
14.1,0.81,3,14,36.6,43.2,3.2,567557,14.41
15.86,0.73,5,203,24.8,93.1,2.1,342782,14.36
27.93,0.43,2,288,29,50.8,2.7,361831,16.04
10.26,0.55,3,189,15.4,53.4,3.1,401883,12.45
11.71,0.85,1,155,18,63.2,2.4,325781,6.32
14.16,0.69,2,55,12.8,93.8,4.4,125465,19.93
10.53,0.3,5,182,8.2,38.1,3.9,282224,16.32
13.63,0.83,5,210,10.9,71.1,2.7,547801,13.09
21.66,0.32,1,75,31.3,73.7,3.5,549338,13.85
18.43,0.82,1,277,27.4,65.5,3.8,264668,19.02
27.85,0.44,2,133,23,26.6,4.4,395077,25.32
26.35,0.97,4,343,20.7,70.8,4.2,195085,32.07
16.84,0.56,1,59,35.4,24.8,3.3,207779,17.28
15.19,0.53,4,345,7.4,64.7,3.9,67285,18.91
17.59,0.4,3,182,14.3,75.5,3.4,722560,13.85
21.81,0.51,5,339,16.5,35.8,3.4,208030,27.15
15.36,0.91,4,321,30.8,83.1,2.3,220650,9.66
22.48,1,5,64,37.8,22.3,2.3,259701,22.28
18.19,0.56,4,327,12.9,83.3,3.3,145556,16.46
21.04,0.61,3,260,33.9,54.5,2.7,529447,13.08
18.72,0.81,1,193,32.4,36.3,2.1,106357,11.15
15.89,0.92,3,143,12.4,30,3.8,150652,23.33
28.97,0.72,1,104,18.2,91.5,2.1,533568,23.72
25.27,0.57,1,214,18.5,25.4,3.5,304745,22.45
12.8,0.59,5,242,37.3,34.9,3.3,580961,9.56
27.37,0.79,3,209,11,46.1,4.4,468069,27.32
19.75,0.3,4,93,31.4,66.5,3.2,242016,20.91
27.89,0.73,3,142,16,60.9,2.2,538121,20.96
26,0.55,5,112,29.1,29.4,3.4,137205,32.88
18.5,0.86,1,59,18.9,41.7,4.1,452308,24.63
10.45,0.37,5,43,24.1,37.9,4.5,377861,18.58
15.37,0.71,2,207,32.5,36,3.1,250905,13.37
20.83,0.64,2,268,31.5,50.8,2.8,503004,14.69
22.67,0.75,4,296,33.6,72.8,4.3,703500,19.45
15.16,0.35,5,118,7,36.3,2.5,799179,12.03
12.79,0.71,4,20,27.8,47.5,3.5,505822,15.23
26.7,0.69,4,222,9.6,49.3,3,353529,23.57
29.69,0.69,2,166,18.7,93.2,2.1,218905,24.56
20.51,0.72,4,131,23.1,91.6,2.9,242822,22.13
13.43,0.77,2,156,18.3,80,2.7,409591,8.68
15.45,0.86,1,184,22.1,38.1,3.7,325458,14.81
10.37,0.49,5,90,37.9,25.1,4.4,735361,9.46
28.29,0.88,4,94,9.5,43.8,2.7,326222,28.9
12.36,0.65,2,13,27.3,40,4,330083,17.78
21.53,0.35,3,322,18.1,57.9,2.1,337651,12.09
15.48,0.34,4,293,9.4,78.3,3.3,677465,10.14
21.08,0.53,1,230,10.2,84.4,2.2,538091,8.92
23.03,0.85,1,322,36.3,83.4,4.3,510627,15.5
26.59,0.8,3,292,34,47,3.9,300607,23.18
14.13,0.85,2,26,34.9,71.5,3.6,663428,10.96
10.22,0.66,4,75,37.7,43.5,4.1,78773,16.9
12.74,0.61,2,299,11.9,24.6,3.6,703098,9.47
28,0.4,1,150,16.7,72.6,4.4,434562,22.94
27.48,0.53,2,148,27.1,20.7,3.8,348688,22.45
21.95,0.6,1,8,21,50.7,4.3,422875,27.06
22.01,0.36,2,29,18.8,44.7,3.3,550562,18.54
23.3,0.45,3,296,16.8,72,2.3,59574,18.85
13.51,0.72,5,209,24.6,77.5,3.3,703664,13.45
28.29,0.81,3,128,24,42.8,2.3,385055,31.8
18.38,1,3,340,10.3,80.9,3.5,307225,15.72
17.66,0.95,5,116,20.6,42,3.2,153684,25.57
20.38,0.75,5,144,23.3,53.5,3.6,379599,21.86
10.94,0.59,4,318,23.8,74.5,2,422242,4.04
13.33,0.75,4,235,11.9,72,2.5,352735,11.85
24.76,0.85,3,7,29.5,94.1,3.2,558995,20.43
11.66,0.38,3,45,5.8,36.9,4.4,365672,19.21
22.06,0.59,1,239,16.7,69.7,3,771063,9.26
14.91,0.89,1,155,30.7,65.7,3.1,499458,12.55
17.79,0.57,4,181,23.6,88.6,3.8,655608,15.12
15.77,0.7,4,215,13.6,31.7,3.5,132017,21.9
17.11,0.71,1,88,27.9,76.4,2.7,347968,12.54
24.38,0.43,1,256,23.7,62.6,3,302636,16.04
15.94,0.55,2,73,31.3,40.6,2.5,477112,12.58
21.33,0.53,2,179,29.3,55.6,4.4,695835,14.18
19.52,0.32,1,212,25.1,45,2.3,108754,13.01
23.27,0.32,2,293,21.1,63.4,2.9,104431,16.18
28.74,0.88,5,234,9.4,86.7,2.1,687738,21.29
24.65,0.49,4,239,13.6,62.7,2.6,209638,18.45
14.3,0.66,4,223,18.8,67.4,4,551565,17.4
10.62,0.51,1,119,24.8,58.9,2.5,457159,4.68
15.25,0.96,3,313,22,23.8,2.2,674670,11.41
21.9,0.48,1,264,14.5,37.5,3.2,143817,21.24
11.03,0.6,2,207,5.2,56.9,2,147337,8.55
19.93,0.91,3,95,21.4,43.3,2.2,467614,16.33
21.94,0.89,2,222,14.4,33.6,4,759784,24.32
16.68,0.43,5,276,29.2,57.8,3.9,361248,19.5
25.42,0.86,2,231,5.8,44.2,4.3,295207,27.95
12.13,0.62,5,309,24.3,39.4,4.1,505017,13.51
11.5,0.64,5,119,36.1,54.8,3.7,747836,9.47
24.56,0.39,2,268,10.8,30,2.1,677696,15.46
19.91,0.36,2,273,20.6,89.6,4,796613,9.49
23.77,0.81,5,64,8,85.1,4.1,66926,29.55
18.7,0.65,3,298,25.6,73.1,4,134644,15.83
14.93,0.61,5,11,23.2,28,3.3,507101,19.68
26.38,0.81,4,98,18.4,78.2,2.6,665432,20.47
25.99,0.84,5,71,22.2,80.6,4.1,263933,31.3
23.89,0.41,3,58,34.6,77.6,3.8,229408,21.14
15.44,0.73,4,290,11.5,28.5,4.5,640232,15.7
21.8,0.39,1,251,5.7,68.3,2.4,92286,19.45
17.22,0.83,1,276,33.4,82.6,2.6,327037,9.84
11.83,0.76,3,50,24,63.3,2.5,429357,12.3
28.35,0.97,5,216,34.4,68.5,4,470262,29.05
12.74,0.35,2,52,24.7,54.4,2.5,596461,9.21
29,0.34,3,271,31.7,59.7,2.2,316134,21.77
18.92,0.5,4,84,19.2,22.6,4.5,509513,22.43
